id,conversation_id,created_at,date,time,timezone,user_id,username,name,place,tweet,mentions,urls,photos,replies_count,retweets_count,likes_count,hashtags,cashtags,link,retweet,quote_url,video,near,geo,source,user_rt_id,user_rt,retweet_id,reply_to,retweet_date,translate,trans_src,trans_dest,clean_tweet,processed_tweet
1295302893591986177,1295302893591986177,1597659250000,2020-08-17,05:14:10,CDT,131490551,gamer__guy,‚ôõ Braden Port ‚ôõ,,"No masks, no social distancing, next #Covid19 hot spot. #Jackass #idiots ‚Ä¶",[],['https://twitter.com/KPromeni/status/1295302026440650753'],[],0,1,0,"['Covid19', 'Jackass', 'idiots']",[],https://twitter.com/Gamer__Guy/status/1295302893591986177,False,https://twitter.com/KPromeni/status/1295302026440650753,0,,"35.1663,-101.8868,3000km",,,,,"[{'user_id': '131490551', 'username': 'Gamer__Guy'}]",,,,,"No masks, no social distancing, next hot spot.","['No', 'mask', 'social', 'distanc', 'next', 'hot', 'spot']"
1295297732954005504,1295297732954005504,1597658019000,2020-08-17,04:53:39,CDT,794172890,skidcrease,Skid Crease,,"Question for the @parentaction4ed & schools. Do students and staff follow the Ministry of Health social distancing guideline of 2m, or the Ministry of Education 1m guideline? Makes a difference when you are lining up 500 elementary students for hand washing. #COVID19 @fordnation","['parentaction4ed', 'fordnation']",[],[],0,1,3,['COVID19'],[],https://twitter.com/SkidCrease/status/1295297732954005504,False,,0,,"35.1663,-101.8868,3000km",,,,,"[{'user_id': '794172890', 'username': 'SkidCrease'}, {'user_id': '1110376639769333760', 'username': 'parentaction4ed'}, {'user_id': '2809959174', 'username': 'fordnation'}]",,,,,"Question for the & schools. Do students and staff follow the Ministry of Health social distancing guideline of m, or the Ministry of Education m guideline? Makes a difference when you are lining up elementary students for hand washing.","['question', '&', 'school', 'Do', 'student', 'staff', 'follow', 'ministri', 'health', 'social', 'distanc', 'guidelin', 'ministri', 'educ', 'guidelin', 'make', 'differ', 'line', 'elementari', 'student', 'hand', 'wash']"
1295291686143299584,1295162587139776512,1597656577000,2020-08-17,04:29:37,CDT,1188639048015007744,trisin7,#BlackLivesMatterüß¢ üåä üíô,,This is not the labs fault. They are working hard and trying their best. Blame the people who refuse to wear masks or do social distancing. This is the main cause for the rise of Covid19 cases. We are battling 2 pandemics here! pic.twitter.com/KweW0TSLh6,"['9ontheturn', 'vshlogan', 'annieberryhill', 'talialikeitis']",[],['https://pbs.twimg.com/media/EfnM666XsAAfub4.jpg'],0,0,1,[],[],https://twitter.com/trisin7/status/1295291686143299584,False,,0,,"35.1663,-101.8868,3000km",,,,,"[{'user_id': '1188639048015007744', 'username': 'trisin7'}, {'user_id': '21573162', 'username': '9ontheturn'}, {'user_id': '4871489231', 'username': 'VSHLogan'}, {'user_id': '19293903', 'username': 'annieberryhill'}, {'user_id': '3331666213', 'username': 'talialikeitis'}]",,,,,This is not the labs fault. They are working hard and trying their best. Blame the people who refuse to wear masks or do social distancing. This is the main cause for the rise of Covid19 cases. We are battling pandemics here!,"['thi', 'lab', 'fault', 'they', 'work', 'hard', 'tri', 'best', 'blame', 'peopl', 'refus', 'wear', 'mask', 'social', 'distanc', 'thi', 'main', 'caus', 'rise', 'covid19', 'case', 'We', 'battl', 'pandem', '!']"
1296840173989355521,1296840173989355521,1598025766000,2020-08-21,11:02:46,CDT,32908110,imajorwish,Rev. James Woodall,,"Just because things are opening up, do NOT stop getting tested, social distancing and wearing masks. Georgia is #1 in the nation for new cases of #COVID19. NUMBER ONE!! People are dying. Let‚Äôs do our part! #WeAreDoneDying pic.twitter.com/LReKDdSkol",[],[],['https://pbs.twimg.com/media/Ef9NQzhX0AEkOum.jpg'],1,5,13,"['1', 'COVID19', 'WeAreDoneDying']",[],https://twitter.com/iMajorWish/status/1296840173989355521,False,,0,,"35.1663,-101.8868,3000km",,,,,"[{'user_id': '32908110', 'username': 'iMajorWish'}]",,,,,"Just because things are opening up, do NOT stop getting tested, social distancing and wearing masks. Georgia is in the nation for new cases of . NUMBER ONE!! People are dying. Lets do our part!","['just', 'thing', 'open', 'not', 'stop', 'get', 'test', 'social', 'distanc', 'wear', 'mask', 'georgia', 'nation', 'new', 'case', 'number', 'one', '!', '!', 'peopl', 'die', 'let', 'part', '!']"
1296704840601608193,1296704840601608193,1597993500000,2020-08-21,02:05:00,CDT,3066095291,aminajmohammed,Amina J Mohammed,,Dear Friends It's day 163 of the #COVID19 pandemic #Handwashing Wearing a mask Physical distancing Are still 3 of the best ways we can protect ourselves and each other Keep well Keep safe Let's all keep it going! pic.twitter.com/BcYaxIF2g6,[],[],['https://pbs.twimg.com/media/Ef5pMQ_WoAA-Q2o.jpg'],34,205,695,"['COVID19', 'Handwashing']",[],https://twitter.com/AminaJMohammed/status/1296704840601608193,False,,0,,"35.1663,-101.8868,3000km",,,,,"[{'user_id': '3066095291', 'username': 'AminaJMohammed'}]",,,,,Dear Friends It's day of the pandemic Wearing a mask Physical distancing Are still of the best ways we can protect ourselves and each other Keep well Keep safe Let's all keep it going!,"['dear', 'friend', 'It', ""'s"", 'day', 'pandem', 'wear', 'mask', 'physic', 'distanc', 'are', 'still', 'best', 'way', 'protect', 'keep', 'well', 'keep', 'safe', 'let', ""'s"", 'keep', 'go', '!']"
1296702858071547910,1296702858071547910,1597993027000,2020-08-21,01:57:07,CDT,50092373,kabduljawadmd,Khaled Abdul Jawad,,"This lockdown is not a solution for #Covid19 ; it's a sign of failure. Lebanese need to understand that compliance with masks & social distancing is the only way forward in the near future. If nobody wants to listen, this cycle of opening & closing the country will go on.",[],[],[],0,34,94,['Covid19'],[],https://twitter.com/KAbdulJawadMD/status/1296702858071547910,False,,0,,"35.1663,-101.8868,3000km",,,,,"[{'user_id': '50092373', 'username': 'KAbdulJawadMD'}]",,,,,"This lockdown is not a solution for ; it's a sign of failure. Lebanese need to understand that compliance with masks & social distancing is the only way forward in the near future. If nobody wants to listen, this cycle of opening & closing the country will go on.","['thi', 'lockdown', 'solut', ""'s"", 'sign', 'failur', 'lebanes', 'need', 'understand', 'complianc', 'mask', '&', 'social', 'distanc', 'way', 'forward', 'near', 'futur', 'If', 'nobodi', 'want', 'listen', 'cycl', 'open', '&', 'close', 'countri', 'go']"
1296673878383693825,1296673878383693825,1597986118000,2020-08-21,00:01:58,CDT,713404866,mrskwokclass,Andrea Kwok,,"#COVID19 social distancing first started in Ontario when my son had his birthday in March. As time went on my husband and other son celebrated Covid-style in June and July. With #TDSB school start being delayed until mid-September, I too will have a Covid-style birthday! #2020",[],[],[],0,0,0,"['COVID19', 'TDSB', '2020']",[],https://twitter.com/mrskwokclass/status/1296673878383693825,False,,0,,"35.1663,-101.8868,3000km",,,,,"[{'user_id': '713404866', 'username': 'mrskwokclass'}]",,,,,"social distancing first started in Ontario when my son had his birthday in March. As time went on my husband and other son celebrated Covid-style in June and July. With school start being delayed until mid-September, I too will have a Covid-style birthday!","['social', 'distanc', 'first', 'start', 'ontario', 'son', 'birthday', 'march', 'As', 'time', 'went', 'husband', 'son', 'celebr', 'covid-styl', 'june', 'juli', 'with', 'school', 'start', 'delay', 'mid-septemb', 'covid-styl', 'birthday', '!']"
1297979322486018048,1297979322486018048,1598297360000,2020-08-24,14:29:20,CDT,11347122,gavinnewsom,Gavin Newsom,,"#COVID19 update: - Tests reported: 111,456 - Positive cases: 4,946 - 7 day average caseload: 5,798 - Positivity rate: 6.5% We continue to see modest declines overall -- but COVID-19 has NOT gone away. If you‚Äôre evacuated, stay safe. Wear your mask. Practice physical distancing.",[],[],[],459,392,1966,['COVID19'],[],https://twitter.com/GavinNewsom/status/1297979322486018048,False,,0,,"35.1663,-101.8868,3000km",,,,,"[{'user_id': '11347122', 'username': 'GavinNewsom'}]",,,,,"update: - Tests reported: - Positive cases: - day average caseload: - Positivity rate: % We continue to see modest declines overall -- but COVID-19 has NOT gone away. If youre evacuated, stay safe. Wear your mask. Practice physical distancing.","['updat', ':', '-', 'test', 'report', ':', '-', 'posit', 'case', ':', '-', 'day', 'averag', 'caseload', ':', '-', 'posit', 'rate', ':', '%', 'We', 'continu', 'see', 'modest', 'declin', 'overal', '--', 'covid-19', 'not', 'gone', 'away', 'If', 'your', 'evacu', 'stay', 'safe', 'wear', 'mask', 'practic', 'physic', 'distanc']"
1297770568285130753,1297770568285130753,1598247589000,2020-08-24,00:39:49,CDT,23177517,ravira,Ravi,,"No masks; no social distancing. Not a good look, @CPC_HQ! #COVID19",['cpc_hq'],[],[],0,0,0,['COVID19'],[],https://twitter.com/ravira/status/1297770568285130753,False,,0,,"35.1663,-101.8868,3000km",,,,,"[{'user_id': '23177517', 'username': 'ravira'}, {'user_id': '190817371', 'username': 'CPC_HQ'}]",,,,,"No masks; no social distancing. Not a good look, !","['No', 'mask', 'social', 'distanc', 'not', 'good', 'look', '!']"
1297773577542959104,1297743249092702208,1598248307000,2020-08-24,00:51:47,CDT,1293411186466336774,ccoming21,ChangeIsComing21,,Left to pick up the pieces and start all over again. While at this time im managing but socially i have been social distancing and using face-time and just calling loved ones to stay connected and so i only worked pt and school pt. Then when covid19 occured,"['lalate', 'stevenmnuchin1', 'markmeadows', 'stevescalise']",[],[],0,0,0,[],[],https://twitter.com/CComing21/status/1297773577542959104,False,,0,,"35.1663,-101.8868,3000km",,,,,"[{'user_id': '1293411186466336774', 'username': 'CComing21'}, {'user_id': '43846520', 'username': 'LALATE'}, {'user_id': '799764016885329921', 'username': 'stevenmnuchin1'}, {'user_id': '963480595', 'username': 'MarkMeadows'}, {'user_id': '1209417007', 'username': 'SteveScalise'}]",,,,,Left to pick up the pieces and start all over again. While at this time im managing but socially i have been social distancing and using face-time and just calling loved ones to stay connected and so i only worked pt and school pt. Then when covid19 occured,"['left', 'pick', 'piec', 'start', 'while', 'time', 'im', 'manag', 'social', 'social', 'distanc', 'use', 'face-tim', 'call', 'love', 'one', 'stay', 'connect', 'work', 'pt', 'school', 'pt', 'then', 'covid19', 'occur']"
1297761125375901696,1297371539436961792,1598245338000,2020-08-24,00:02:18,CDT,289322631,ianadastra,Ian,,"I attend a gym which was spacious even before Covid19 & which is scrupulous about social distancing & mask wearing, screens for fever upon entry, constantly washes down equipment & which has huge jugs of hand sanitizer everywhere. There's some risk, but I think worth it.",['brasilmagic'],[],[],0,0,0,[],[],https://twitter.com/IanAdAstra/status/1297761125375901696,False,,0,,"35.1663,-101.8868,3000km",,,,,"[{'user_id': '289322631', 'username': 'IanAdAstra'}, {'user_id': '21833728', 'username': 'Brasilmagic'}]",,,,,"I attend a gym which was spacious even before Covid19 & which is scrupulous about social distancing & mask wearing, screens for fever upon entry, constantly washes down equipment & which has huge jugs of hand sanitizer everywhere. There's some risk, but I think worth it.","['attend', 'gym', 'spaciou', 'even', 'covid19', '&', 'scrupul', 'social', 'distanc', '&', 'mask', 'wear', 'screen', 'fever', 'upon', 'entri', 'constantli', 'wash', 'equip', '&', 'huge', 'jug', 'hand', 'sanit', 'everywher', 'there', ""'s"", 'risk', 'think', 'worth']"
1292984651699703808,1292984651699703808,1597106538000,2020-08-10,19:42:18,CDT,972936438,charlienelms,Charlie Nelms,,"Several weeks ago I tweeted that COVID19 is not a hoax and encouraged ppl to follow CDC guidelines on masks, distancing & hand washing. Today, my brother, Rev. Roy Nelms, succumbed to the virus. Physically gone but will always present in our hearts. He touched countless lives...",[],[],[],72,11,160,[],[],https://twitter.com/CharlieNelms/status/1292984651699703808,False,,0,,"35.1663,-101.8868,3000km",,,,,"[{'user_id': '972936438', 'username': 'CharlieNelms'}]",,,,,"Several weeks ago I tweeted that COVID19 is not a hoax and encouraged ppl to follow CDC guidelines on masks, distancing & hand washing. Today, my brother, Rev. Roy Nelms, succumbed to the virus. Physically gone but will always present in our hearts. He touched countless lives...","['sever', 'week', 'ago', 'tweet', 'covid19', 'hoax', 'encourag', 'ppl', 'follow', 'cdc', 'guidelin', 'mask', 'distanc', '&', 'hand', 'wash', 'today', 'brother', 'rev', 'roy', 'nelm', 'succumb', 'viru', 'physic', 'gone', 'alway', 'present', 'heart', 'He', 'touch', 'countless', 'live', '...']"
1292699032587046913,1292699032587046913,1597038441000,2020-08-10,00:47:21,CDT,943513483886424067,freudlab,Bret Freudenthal,Medicine Bow Peak,"#COVID19 canceled our annual beach trip, so we went to the mountains for some social distancing and family time. üé£‚õ∞ü•æ pic.twitter.com/VwFMtIZvya ‚Äì at Medicine Bow Peak",[],[],"['https://pbs.twimg.com/media/EfCWR5VWAAAPfmg.jpg', 'https://pbs.twimg.com/media/EfCWVnWXsAAWTJk.jpg', 'https://pbs.twimg.com/media/EfCWgZRXYAAI1X6.jpg', 'https://pbs.twimg.com/media/EfCW6luXoAA5Hg4.jpg']",0,0,27,['COVID19'],[],https://twitter.com/Freudlab/status/1292699032587046913,False,,0,,"35.1663,-101.8868,3000km",,,,,"[{'user_id': '943513483886424067', 'username': 'Freudlab'}]",,,,,"canceled our annual beach trip, so we went to the mountains for some social distancing and family time. at Medicine Bow Peak","['cancel', 'annual', 'beach', 'trip', 'went', 'mountain', 'social', 'distanc', 'famili', 'time', 'medicin', 'bow', 'peak']"
1292688362760015874,1292590847708368896,1597035897000,2020-08-10,00:04:57,CDT,16664512,twwest60,tim west,,"Not a privilege. If it was a privilege, he wouldn‚Äôt have had to pay for it. And remember, that mask to Covid19 is like a chain link fence to a mosquito. Hence, social distancing. O2 levels already reduced in the cabin, then add the mask? To AA, the dollar trumps distancing.","['trixienorth', 'davidjharrisjr', 'rebekahkirkla15', 'americanair']",[],[],2,0,33,[],[],https://twitter.com/twwest60/status/1292688362760015874,False,,0,,"35.1663,-101.8868,3000km",,,,,"[{'user_id': '16664512', 'username': 'twwest60'}, {'user_id': '340731828', 'username': 'TrixieNorth'}, {'user_id': '3530404094', 'username': 'DavidJHarrisJr'}, {'user_id': '926403657691570176', 'username': 'RebekahKirkla15'}, {'user_id': '22536055', 'username': 'AmericanAir'}]",,,,,"Not a privilege. If it was a privilege, he wouldnt have had to pay for it. And remember, that mask to Covid19 is like a chain link fence to a mosquito. Hence, social distancing. O2 levels already reduced in the cabin, then add the mask? To AA, the dollar trumps distancing.","['not', 'privileg', 'If', 'privileg', 'wouldnt', 'pay', 'and', 'rememb', 'mask', 'covid19', 'like', 'chain', 'link', 'fenc', 'mosquito', 'henc', 'social', 'distanc', 'O2', 'level', 'alreadi', 'reduc', 'cabin', 'add', 'mask', 'To', 'AA', 'dollar', 'trump', 'distanc']"
1297186635881361409,1297186635881361409,1598108369000,2020-08-22,09:59:29,CDT,1093695069176000512,bogochisaac,Isaac Bogoch,,"For those who are sending me messages regarding schools and #COVID19 ‚Äì please first have a look online at how I‚Äôve advocated/discussed the need for physical distancing, mask wearing, sanitation, etc to facilitate plans to return safely. These are pretty easy to find.",[],[],[],99,71,571,['COVID19'],[],https://twitter.com/BogochIsaac/status/1297186635881361409,False,,0,,"35.1663,-101.8868,3000km",,,,,"[{'user_id': '1093695069176000512', 'username': 'BogochIsaac'}]",,,,,"For those who are sending me messages regarding schools and please first have a look online at how Ive advocated/discussed the need for physical distancing, mask wearing, sanitation, etc to facilitate plans to return safely. These are pretty easy to find.","['for', 'send', 'messag', 'regard', 'school', 'pleas', 'first', 'look', 'onlin', 'ive', 'advocated/discuss', 'need', 'physic', 'distanc', 'mask', 'wear', 'sanit', 'etc', 'facilit', 'plan', 'return', 'safe', 'these', 'pretti', 'easi', 'find']"
1297167136754786304,1297167136754786304,1598103720000,2020-08-22,08:42:00,CDT,69298376,hselive,HSE Ireland,,Step up and step back to protect yourself and others from #coronavirus. Go one step further to keep each other safe. Please continue to keep up social distancing and proper hand hygiene. #StaySafe #COVID19 pic.twitter.com/gptxRpJENS,[],[],['https://pbs.twimg.com/media/Ef8oQ98XkAEy8SP.jpg'],9,53,82,"['coronavirus', 'StaySafe', 'COVID19']",[],https://twitter.com/HSELive/status/1297167136754786304,False,,0,,"35.1663,-101.8868,3000km",,,,,"[{'user_id': '69298376', 'username': 'HSELive'}]",,,,,Step up and step back to protect yourself and others from . Go one step further to keep each other safe. Please continue to keep up social distancing and proper hand hygiene.,"['step', 'step', 'back', 'protect', 'other', 'Go', 'one', 'step', 'keep', 'safe', 'pleas', 'continu', 'keep', 'social', 'distanc', 'proper', 'hand', 'hygien']"
1294077188187344896,1294077188187344896,1597367019000,2020-08-13,20:03:39,CDT,35817832,georganneb,üá®üá¶ GeorganneB üá∫üá∏,,News flash. I don't care how many #COVID19 cases there are. I don't want to hear any more about masks or social distancing. I'm tired. Fed up. This constant fear mongering and suppression of rights is exhausting. Time to get back to living.,[],[],[],5,23,84,['COVID19'],[],https://twitter.com/georganneb/status/1294077188187344896,False,,0,,"35.1663,-101.8868,3000km",,,,,"[{'user_id': '35817832', 'username': 'georganneb'}]",,,,,News flash. I don't care how many cases there are. I don't want to hear any more about masks or social distancing. I'm tired. Fed up. This constant fear mongering and suppression of rights is exhausting. Time to get back to living.,"['new', 'flash', ""n't"", 'care', 'mani', 'case', ""n't"", 'want', 'hear', 'mask', 'social', 'distanc', ""'m"", 'tire', 'fed', 'thi', 'constant', 'fear', 'monger', 'suppress', 'right', 'exhaust', 'time', 'get', 'back', 'live']"
1293862589064151040,1293862589064151040,1597315854000,2020-08-13,05:50:54,CDT,2305135968,jawl98,Justin A. Westbrook-Lowery #BlackLivesMatter,,"Inability to socially distance is crucial to the spread of #COVID19. This is partially why Sunset Park is seeing an uptick in positive cases In #AD87, West Farms is on the higher end of the spectrum in overcrowded housing This is why we must keep socially distancing and #MaskUp ‚Ä¶",[],['https://twitter.com/aaronacarr/status/1293602180021260288'],[],1,2,4,"['COVID19', 'AD87', 'MaskUp']",[],https://twitter.com/JAWL98/status/1293862589064151040,False,https://twitter.com/aaronAcarr/status/1293602180021260288,0,,"35.1663,-101.8868,3000km",,,,,"[{'user_id': '2305135968', 'username': 'JAWL98'}]",,,,,"Inability to socially distance is crucial to the spread of . This is partially why Sunset Park is seeing an uptick in positive cases In , West Farms is on the higher end of the spectrum in overcrowded housing This is why we must keep socially distancing and","['inabl', 'social', 'distanc', 'crucial', 'spread', 'thi', 'partial', 'sunset', 'park', 'see', 'uptick', 'posit', 'case', 'In', 'west', 'farm', 'higher', 'end', 'spectrum', 'overcrowd', 'hous', 'thi', 'must', 'keep', 'social', 'distanc']"
1292231540739645441,1292231540739645441,1596926982000,2020-08-08,17:49:42,CDT,1160693903349243906,murphelaw,Murph E. Law ‚òòÔ∏èüåà,,I took a drive through #OldOrchardBeach this afternoon. All the motel parking lots were full. All the ‚ÄúNo Vacancy‚Äù signs were lit up. The sidewalks were packed with pedestrians. Physical distancing was impossible. I didn‚Äôt see a single mask. Not one. #MEpolitics #COVID19 #OOB,[],[],[],7,2,17,"['OldOrchardBeach', 'MEpolitics', 'COVID19', 'OOB']",[],https://twitter.com/murphelaw/status/1292231540739645441,False,,0,,"35.1663,-101.8868,3000km",,,,,"[{'user_id': '1160693903349243906', 'username': 'murphelaw'}]",,,,,I took a drive through this afternoon. All the motel parking lots were full. All the No Vacancy signs were lit up. The sidewalks were packed with pedestrians. Physical distancing was impossible. I didnt see a single mask. Not one.,"['took', 'drive', 'afternoon', 'all', 'motel', 'park', 'lot', 'full', 'all', 'No', 'vacanc', 'sign', 'lit', 'the', 'sidewalk', 'pack', 'pedestrian', 'physic', 'distanc', 'imposs', 'didnt', 'see', 'singl', 'mask', 'not', 'one']"
1292012325814382593,1292010180151070727,1596874717000,2020-08-08,03:18:37,CDT,785278224288718849,samxquinn,Sam Quinn,Tacology 101,"Sangamon County‚Äôs already one of thirteen (I believe) counties that have been placed at a ‚Äúwarning level‚Äù from the state. Yet no masks or distancing are mandated, enforced by the local police. #COVID19 #springfieldIL @217Problems pic.twitter.com/P2G1n3iKTT ‚Äì at Tacology 101",['217problems'],[],[],8,3,11,"['COVID19', 'springfieldIL']",[],https://twitter.com/SamXQuinn/status/1292012325814382593,False,,1,,"35.1663,-101.8868,3000km",,,,,"[{'user_id': '785278224288718849', 'username': 'SamXQuinn'}, {'user_id': '722419094', 'username': '217Problems'}]",,,,,"Sangamon Countys already one of thirteen (I believe) counties that have been placed at a warning level from the state. Yet no masks or distancing are mandated, enforced by the local police. at Tacology","['sangamon', 'counti', 'alreadi', 'one', 'thirteen', 'believ', 'counti', 'place', 'warn', 'level', 'state', 'yet', 'mask', 'distanc', 'mandat', 'enforc', 'local', 'polic', 'tacolog']"
1292010180151070727,1292010180151070727,1596874205000,2020-08-08,03:10:05,CDT,785278224288718849,samxquinn,Sam Quinn,,"Wet Bar in Springfield IL, tonight. SO glad that everybody‚Äôs following social distancing after 150,000 Americans have died from #COVID19. ü•¥üôÑü¶† @JBPritzker @wics_abc20 @Springfield_IL pic.twitter.com/82w6KcTEaM","['jbpritzker', 'wics_abc20', 'springfield_il']",[],[],2,2,4,['COVID19'],[],https://twitter.com/SamXQuinn/status/1292010180151070727,False,,1,,"35.1663,-101.8868,3000km",,,,,"[{'user_id': '785278224288718849', 'username': 'SamXQuinn'}, {'user_id': '45550693', 'username': 'JBPritzker'}, {'user_id': '49720839', 'username': 'wics_abc20'}, {'user_id': '36481855', 'username': 'Springfield_IL'}]",,,,,"Wet Bar in Springfield IL, tonight. SO glad that everybodys following social distancing after Americans have died from .","['wet', 'bar', 'springfield', 'IL', 'tonight', 'SO', 'glad', 'everybodi', 'follow', 'social', 'distanc', 'american', 'die']"
1291972749020332033,1291972749020332033,1596865281000,2020-08-08,00:41:21,CDT,494695838,slamminsalmon91,Sammy C.,,Socially distancing is nothing new for me. I‚Äôve never like anyone in my space. #COVID19 #SocialDistancing #nothingnew,[],[],[],1,0,3,"['COVID19', 'SocialDistancing', 'nothingnew']",[],https://twitter.com/SlamminSalmon91/status/1291972749020332033,False,,0,,"35.1663,-101.8868,3000km",,,,,"[{'user_id': '494695838', 'username': 'SlamminSalmon91'}]",,,,,Socially distancing is nothing new for me. Ive never like anyone in my space.,"['social', 'distanc', 'noth', 'new', 'ive', 'never', 'like', 'anyon', 'space']"
1291415061714665475,1291412472436592650,1596732318000,2020-08-06,11:45:18,CDT,945881313151733760,mikenormandirt,Mike Norman,,How in the world did @GovMikeDeWine get covid19 if he was wearing a mask and social distancing and doing everything he says works to stop the spread?,['govmikedewine'],[],[],20,9,160,[],[],https://twitter.com/MikeNormanDirt/status/1291415061714665475,False,,0,,"35.1663,-101.8868,3000km",,,,,"[{'user_id': '945881313151733760', 'username': 'MikeNormanDirt'}, {'user_id': '18820392', 'username': 'GovMikeDeWine'}]",,,,,How in the world did get covid19 if he was wearing a mask and social distancing and doing everything he says works to stop the spread?,"['how', 'world', 'get', 'covid19', 'wear', 'mask', 'social', 'distanc', 'everyth', 'say', 'work', 'stop', 'spread']"
1297573145935634432,1297573145935634432,1598200520000,2020-08-23,11:35:20,CDT,1080586433088258048,govsisolak,Governor Sisolak,,"Practicing social distancing helps slow the spread of #COVID19. Stay home if you can, or stay a safe social distance from others while out of the house. ‚Ä¶",[],['https://twitter.com/NVHealthRespon1/status/1295752315694018560'],[],404,50,279,['COVID19'],[],https://twitter.com/GovSisolak/status/1297573145935634432,False,https://twitter.com/NVHealthRespon1/status/1295752315694018560,0,,"35.1663,-101.8868,3000km",,,,,"[{'user_id': '1080586433088258048', 'username': 'GovSisolak'}]",,,,,"Practicing social distancing helps slow the spread of . Stay home if you can, or stay a safe social distance from others while out of the house.","['practic', 'social', 'distanc', 'help', 'slow', 'spread', 'stay', 'home', 'stay', 'safe', 'social', 'distanc', 'other', 'hous']"
1296536253517762564,1296536253517762564,1597953305000,2020-08-20,14:55:05,CDT,19658936,cdcemergency,CDC Emergency,,Does wearing a mask mean you don‚Äôt have to practice social distancing? The answer is no. Wearing a mask while in public AND maintaining 6 feet of distance from other people are two actions to help stop the spread of #COVID19. Learn more: pic.twitter.com/VHyf9lRO9s,[],['https://bit.ly/2Ravt42'],['https://pbs.twimg.com/media/Ef442h2WAAEIrY6.jpg'],70,352,516,['COVID19'],[],https://twitter.com/CDCemergency/status/1296536253517762564,False,,0,,"35.1663,-101.8868,3000km",,,,,"[{'user_id': '19658936', 'username': 'CDCemergency'}]",,,,,Does wearing a mask mean you dont have to practice social distancing? The answer is no. Wearing a mask while in public AND maintaining feet of distance from other people are two actions to help stop the spread of . Learn more:,"['doe', 'wear', 'mask', 'mean', 'dont', 'practic', 'social', 'distanc', 'the', 'answer', 'wear', 'mask', 'public', 'and', 'maintain', 'feet', 'distanc', 'peopl', 'two', 'action', 'help', 'stop', 'spread', 'learn', ':']"
1296485040415793165,1296485040415793165,1597941095000,2020-08-20,11:31:35,CDT,455024343,surgeon_general,U.S. Surgeon General,,"Are you planning a trip to the beach? Your risk of #COVID19 is highest if you are less than 6‚É£ft from people at a crowded beach or if you freely share food, toys, or equipment. Practice social distancing & other habits to stay healthy. More via @CDCgov: pic.twitter.com/oAP33rdvT6",['cdcgov'],['https://bit.ly/2DqeLcF'],['https://pbs.twimg.com/media/Ef4J-FeXYAUXJMY.jpg'],67,197,303,['COVID19'],[],https://twitter.com/Surgeon_General/status/1296485040415793165,False,,0,,"35.1663,-101.8868,3000km",,,,,"[{'user_id': '455024343', 'username': 'Surgeon_General'}, {'user_id': '146569971', 'username': 'CDCgov'}]",,,,,"Are you planning a trip to the beach? Your risk of is highest if you are less than ft from people at a crowded beach or if you freely share food, toys, or equipment. Practice social distancing & other habits to stay healthy. More via :","['are', 'plan', 'trip', 'beach', 'your', 'risk', 'highest', 'less', 'ft', 'peopl', 'crowd', 'beach', 'freeli', 'share', 'food', 'toy', 'equip', 'practic', 'social', 'distanc', '&', 'habit', 'stay', 'healthi', 'more', 'via', ':']"
1296491718544695300,1296491718544695300,1597942688000,2020-08-20,11:58:08,CDT,745476127,fdafood,FDA FOOD (Ctr for Food Safety & Applied Nutrition),,The best way to prevent #COVID19 is to avoid being exposed to it. Wash your hands often with soap & water; cover your mouth & nose with a non-surgical mask when around others; avoid crowds & practice social distancing. More tips:,[],['https://go.usa.gov/xfsY7'],[],0,10,9,['COVID19'],[],https://twitter.com/FDAfood/status/1296491718544695300,False,,0,,"35.1663,-101.8868,3000km",,,,,"[{'user_id': '745476127', 'username': 'FDAfood'}]",,,,,The best way to prevent is to avoid being exposed to it. Wash your hands often with soap & water; cover your mouth & nose with a non-surgical mask when around others; avoid crowds & practice social distancing. More tips:,"['the', 'best', 'way', 'prevent', 'avoid', 'expos', 'wash', 'hand', 'often', 'soap', '&', 'water', 'cover', 'mouth', '&', 'nose', 'non-surg', 'mask', 'around', 'other', 'avoid', 'crowd', '&', 'practic', 'social', 'distanc', 'more', 'tip', ':']"
1296353608150257665,1296353608150257665,1597909759000,2020-08-20,02:49:19,CDT,701737024,fallysombonkhwa,Fally Sombo Nkhwazi,,wef: This is what the 2015 Tour de France can teach us about social distancing #covid19 #AI pic.twitter.com/VOQbDNXzRR,[],['https://bit.ly/3l3Kwtq'],['https://pbs.twimg.com/media/Ef1CzBaXgAAJEyg.jpg'],0,0,0,"['covid19', 'AI']",[],https://twitter.com/FallySomboNkhwa/status/1296353608150257665,False,,0,,"35.1663,-101.8868,3000km",,,,,"[{'user_id': '701737024', 'username': 'FallySomboNkhwa'}]",,,,,wef: This is what the Tour de France can teach us about social distancing,"['wef', ':', 'thi', 'tour', 'de', 'franc', 'teach', 'us', 'social', 'distanc']"
1295897594053500928,1295897594053500928,1597801037000,2020-08-18,20:37:17,CDT,1282860461017497600,pushyourself2bg,Ariel Lynn,,üö®üö®NEW VIDEO ALERT üö®üö® im wondering if mask and social distancing will be our new norm?! Lets do our part and keep implementing! #SocialDistancing #pandemic #COVID19 pic.twitter.com/WZU4byYjJi,[],[],[],1,0,0,"['SocialDistancing', 'pandemic', 'COVID19']",[],https://twitter.com/PUSHyourself2bg/status/1295897594053500928,False,,1,,"35.1663,-101.8868,3000km",,,,,"[{'user_id': '1282860461017497600', 'username': 'PUSHyourself2bg'}]",,,,,NEW VIDEO ALERT im wondering if mask and social distancing will be our new norm?! Lets do our part and keep implementing!,"['new', 'video', 'alert', 'im', 'wonder', 'mask', 'social', 'distanc', 'new', 'norm', '!', 'let', 'part', 'keep', 'implement', '!']"
1295616670392815617,1295616670392815617,1597734060000,2020-08-18,02:01:00,CDT,14159148,un,United Nations,,Physical distancing will help the world contain #COVID19 -- but it also isolates women & girls from the support of family & friends when they experience violence at home. @UN_Women is raising awareness about this #ShadowPandemic. pic.twitter.com/p7qrLVYw4t,['un_women'],['http://unwomen.org/shadowpandemic'],['https://pbs.twimg.com/media/EfproQSXkAIeHMu.jpg'],19,94,225,"['COVID19', 'ShadowPandemic']",[],https://twitter.com/UN/status/1295616670392815617,False,,0,,"35.1663,-101.8868,3000km",,,,,"[{'user_id': '14159148', 'username': 'UN'}, {'user_id': '17137628', 'username': 'UN_Women'}]",,,,,Physical distancing will help the world contain -- but it also isolates women & girls from the support of family & friends when they experience violence at home. is raising awareness about this .,"['physic', 'distanc', 'help', 'world', 'contain', '--', 'also', 'isol', 'women', '&', 'girl', 'support', 'famili', '&', 'friend', 'experi', 'violenc', 'home', 'rais', 'awar']"
1289810343837855744,1289810343837855744,1596349724000,2020-08-02,01:28:44,CDT,1265501918840963073,jerimiller110,Jeri Miller 1,,"Their rights? What about the rights of other people to stay safe from COVID19? These guys maybe could have set up by appt visits, made masks used, only a few patrons at a time, using safe distancing, wiping down equipment thoroughly between users. üôÑ ‚Ä¶",[],['https://www.foxnews.com/us/new-jersey-gym-owners-kick-barricades'],[],0,0,0,[],[],https://twitter.com/JeriMiller110/status/1289810343837855744,False,,0,,"35.1663,-101.8868,3000km",,,,,"[{'user_id': '1265501918840963073', 'username': 'JeriMiller110'}]",,,,,"Their rights? What about the rights of other people to stay safe from COVID19? These guys maybe could have set up by appt visits, made masks used, only a few patrons at a time, using safe distancing, wiping down equipment thoroughly between users.","['their', 'right', 'what', 'right', 'peopl', 'stay', 'safe', 'covid19', 'these', 'guy', 'mayb', 'could', 'set', 'appt', 'visit', 'made', 'mask', 'use', 'patron', 'time', 'use', 'safe', 'distanc', 'wipe', 'equip', 'thoroughli', 'user']"
1294256736812048384,1294256736812048384,1597409826000,2020-08-14,07:57:06,CDT,162905504,hanigsberg,Julia Hanigsberg,Holland Bloorview Kids Rehabilitation Hospital,"Have an amazing Friday & keep masking up, physical distancing and maintaining your bubbles. You are rocking this Toronto. Don‚Äôt stop now! #MaskUp #COVID19 #FridayFeeling pic.twitter.com/dk4Nrai9dC ‚Äì at Holland Bloorview Kids Rehabilitation Hospital",[],[],[],0,8,49,"['MaskUp', 'COVID19', 'FridayFeeling']",[],https://twitter.com/Hanigsberg/status/1294256736812048384,False,,1,,"35.1663,-101.8868,3000km",,,,,"[{'user_id': '162905504', 'username': 'Hanigsberg'}]",,,,,"Have an amazing Friday & keep masking up, physical distancing and maintaining your bubbles. You are rocking this Toronto. Dont stop now! at Holland Bloorview Kids Rehabilitation Hospital","['have', 'amaz', 'friday', '&', 'keep', 'mask', 'physic', 'distanc', 'maintain', 'bubbl', 'you', 'rock', 'toronto', 'dont', 'stop', '!', 'holland', 'bloorview', 'kid', 'rehabilit', 'hospit']"
1293119385075417088,1293119385075417088,1597138661000,2020-08-11,04:37:41,CDT,880129476356698117,carolinewrcb,Caroline Corrigan,,"#TUESDAY TOP STORIES: üè´ Photos show no masks or social distancing in #RheaCounty schools üö® @HamiltonHealth say possible #COVID19 exposures at local restaurants, bars üöì SWAT situation in #SoddyDaisy üìÅ @POTUS pulled from briefing after shooting outside white house","['hamiltonhealth', 'potus']",[],[],0,1,5,"['TUESDAY', 'RheaCounty', 'COVID19', 'SoddyDaisy']",[],https://twitter.com/CarolineWRCB/status/1293119385075417088,False,,0,,"35.1663,-101.8868,3000km",,,,,"[{'user_id': '880129476356698117', 'username': 'CarolineWRCB'}, {'user_id': '80338148', 'username': 'HamiltonHealth'}, {'user_id': '822215679726100480', 'username': 'POTUS'}]",,,,,"TOP STORIES: Photos show no masks or social distancing in schools say possible exposures at local restaurants, bars SWAT situation in pulled from briefing after shooting outside white house","['top', 'stori', ':', 'photo', 'show', 'mask', 'social', 'distanc', 'school', 'say', 'possibl', 'exposur', 'local', 'restaur', 'bar', 'swat', 'situat', 'pull', 'brief', 'shoot', 'outsid', 'white', 'hous']"
1296133133553860613,1296133133553860613,1597857194000,2020-08-19,12:13:14,CDT,26157133,bkives,Bartley Kives,,"Manitoba will make masks mandatory in schools from Grades 4-12 where distancing is not possible, premier says. #cbcmb #covid19",[],[],[],29,99,415,"['cbcmb', 'covid19']",[],https://twitter.com/bkives/status/1296133133553860613,False,,0,,"35.1663,-101.8868,3000km",,,,,"[{'user_id': '26157133', 'username': 'bkives'}]",,,,,"Manitoba will make masks mandatory in schools from Grades -12 where distancing is not possible, premier says.","['manitoba', 'make', 'mask', 'mandatori', 'school', 'grade', '-12', 'distanc', 'possibl', 'premier', 'say']"
1296284625413836800,1296284625413836800,1597893313000,2020-08-19,22:15:13,CDT,59506499,dempseyonline,Norman Dempsey,,"Hey @JoeBiden & @KamalaHarris , you do know that if your spouses were not socially distancing backstage, it makes little sense to be separate when they join you on stage? Let‚Äôs see your contact tracing worksheet. #COVID19","['joebiden', 'kamalaharris']",[],[],0,0,1,['COVID19'],[],https://twitter.com/DempseyOnline/status/1296284625413836800,False,,0,,"35.1663,-101.8868,3000km",,,,,"[{'user_id': '59506499', 'username': 'DempseyOnline'}, {'user_id': '939091', 'username': 'JoeBiden'}, {'user_id': '30354991', 'username': 'KamalaHarris'}]",,,,,"Hey & , you do know that if your spouses were not socially distancing backstage, it makes little sense to be separate when they join you on stage? Lets see your contact tracing worksheet.","['hey', '&', 'know', 'spous', 'social', 'distanc', 'backstag', 'make', 'littl', 'sens', 'separ', 'join', 'stage', 'let', 'see', 'contact', 'trace', 'worksheet']"
1296030970269794306,1296030970269794306,1597832837000,2020-08-19,05:27:17,CDT,1037305288792203269,mrsgeist,Mrs Geist,,"It‚Äôs been a very different summer, but we still had a blast while social distancing and changing our plans countless times. #pandemic #COVID19 #SocialDistancing #creatingmemories #backtoschool pic.twitter.com/ixl3uDHY0q",[],[],"['https://pbs.twimg.com/media/EfxtSViXoAEngcj.jpg', 'https://pbs.twimg.com/media/EfxtSaFXkAAAGQW.jpg']",1,0,12,"['pandemic', 'COVID19', 'SocialDistancing', 'creatingmemories', 'backtoschool']",[],https://twitter.com/mrsgeist/status/1296030970269794306,False,,0,,"35.1663,-101.8868,3000km",,,,,"[{'user_id': '1037305288792203269', 'username': 'mrsgeist'}]",,,,,"Its been a very different summer, but we still had a blast while social distancing and changing our plans countless times.","['it', 'differ', 'summer', 'still', 'blast', 'social', 'distanc', 'chang', 'plan', 'countless', 'time']"
1292464984920928258,1292436572143525891,1596982639000,2020-08-09,09:17:19,CDT,880018682,davidmweissman,David Weissman,,"The point I‚Äôm making in this, is imagine if we had competent leadership who acted fast, pundits who wouldn‚Äôt downplay #COVID19 and make it political, if people wore masks and practice social distancing, America would be at a much better state.",[],[],[],12,40,269,['COVID19'],[],https://twitter.com/davidmweissman/status/1292464984920928258,False,,0,,"35.1663,-101.8868,3000km",,,,,"[{'user_id': '880018682', 'username': 'davidmweissman'}]",,,,,"The point Im making in this, is imagine if we had competent leadership who acted fast, pundits who wouldnt downplay and make it political, if people wore masks and practice social distancing, America would be at a much better state.","['the', 'point', 'Im', 'make', 'imagin', 'compet', 'leadership', 'act', 'fast', 'pundit', 'wouldnt', 'downplay', 'make', 'polit', 'peopl', 'wore', 'mask', 'practic', 'social', 'distanc', 'america', 'would', 'much', 'better', 'state']"
1292381101743394816,1292381101743394816,1596962640000,2020-08-09,03:44:00,CDT,381796151,tranceaholic13,ü§¨‚ôã Sir Trance-A-Lot üåàüîû,,"Masks and social distancing DO work, America! Wear one and stay the fuck apart! Look at NZ for Christ's sake! #COVID19 #COVIDIOTS",[],[],[],0,0,2,"['COVID19', 'COVIDIOTS']",[],https://twitter.com/Tranceaholic13/status/1292381101743394816,False,,0,,"35.1663,-101.8868,3000km",,,,,"[{'user_id': '381796151', 'username': 'Tranceaholic13'}]",,,,,"Masks and social distancing DO work, America! Wear one and stay the fuck apart! Look at NZ for Christ's sake!","['mask', 'social', 'distanc', 'DO', 'work', 'america', '!', 'wear', 'one', 'stay', 'fuck', 'apart', '!', 'look', 'NZ', 'christ', ""'s"", 'sake', '!']"
